id,source_neural_network,num_of_calls,parameters,running_time,Mflops
#0,yolov3_mobilenetv2_mstrain-416_300e_coco,50,{'input_size': [[32]]},8.654594421386718e-06,3.6974580716253445
#2,yolov3_mobilenetv2_mstrain-416_300e_coco,60,{'input_size': [[960]]},8.547306060791016e-06,112.31609037656902
#3,yolov3_mobilenetv2_mstrain-416_300e_coco,190,{'input_size': [[96]]},8.020401000976562e-05,1.1969476337693223
#4,yolov3_mobilenetv2_mstrain-416_300e_coco,30,{'input_size': [[160]]},8.780956268310546e-06,18.221250067879446
#5,yolov3_mobilenetv2_mstrain-416_300e_coco,40,{'input_size': [[144]]},0.00012655735015869142,1.1378240759579519
#6,yolov3_mobilenetv2_mstrain-416_300e_coco,120,{'input_size': [[192]]},8.771419525146484e-06,21.88927338950802
#7,yolov3_mobilenetv2_mstrain-416_300e_coco,40,{'input_size': [[64]]},1.0743141174316407e-05,5.957289303151353
#8,yolov3_mobilenetv2_mstrain-416_300e_coco,80,{'input_size': [[384]]},1.7974376678466797e-05,21.363745005968962
#9,yolov3_mobilenetv2_mstrain-416_300e_coco,60,{'input_size': [[576]]},8.437633514404297e-06,68.26558643684656
#10,shufflenet-v2-1x_16xb64_cifar10,20,{'input_size': [[24]]},8.420944213867188e-06,2.8500366930917327
#12,shufflenet-v2-1x_16xb64_cifar10,130,{'input_size': [[58]]},8.454322814941406e-06,6.860395713479977
#13,shufflenet-v2-1x_16xb64_cifar10,260,{'input_size': [[116]]},8.547306060791016e-06,13.571527587168758
#14,shufflenet-v2-1x_16xb64_cifar10,140,{'input_size': [[232]]},8.549690246582031e-06,27.13548600111545
#15,shufflenet-v2-1x_16xb64_cifar10,36,"{'input_size': [[232, 232, 1, 1]]}",8.356571197509765e-06,6440.91921529244
#16,shufflenet-v2-1x_16xb64_cifar10,68,"{'input_size': [[116, 116, 1, 1]]}",8.573532104492188e-06,1569.4814967741934
#17,shufflenet-v2-1x_16xb64_cifar10,20,"{'input_size': [[232, 1, 3, 3]]}",8.65936279296875e-06,241.1262872246696
#18,shufflenet-v2-1x_16xb64_cifar10,36,"{'input_size': [[116, 1, 3, 3]]}",8.552074432373046e-06,122.07564471703374
#19,shufflenet-v2-1x_16xb64_cifar10,28,"{'input_size': [[58, 58, 1, 1]]}",8.561611175537109e-06,392.9166988582568
#20,stgcn_80e_ntu60_xsub_keypoint,237,{'input_size': [[384]]},8.420944213867188e-06,45.60058708946772
#21,stgcn_80e_ntu60_xsub_keypoint,237,{'input_size': [[768]]},1.0061264038085938e-05,76.3323571563981
#22,stgcn_80e_ntu60_xsub_keypoint,1596,{'input_size': [[64]]},8.79526138305664e-06,7.276645595012198
#23,stgcn_80e_ntu60_xsub_keypoint,1436,{'input_size': [[128]]},8.678436279296875e-06,14.74920087912088
#24,stgcn_80e_ntu60_xsub_keypoint,1436,{'input_size': [[256]]},9.152889251708985e-06,27.969310341234696
#25,stgcn_80e_ntu60_xsub_keypoint,237,"{'input_size': [[192, 64, 1, 1]]}",8.628368377685546e-06,1424.139473666759
#26,stgcn_80e_ntu60_xsub_keypoint,316,{'input_size': [[192]]},9.605884552001953e-06,19.98774802680566
#27,stgcn_80e_ntu60_xsub_keypoint,316,"{'input_size': [[64, 64, 9, 1]]}",1.7900466918945312e-05,2059.3876219499202
#28,stgcn_80e_ntu60_xsub_keypoint,237,"{'input_size': [[128, 128, 9, 1]]}",8.592605590820312e-06,17160.801626637072
#29,stgcn_80e_ntu60_xsub_keypoint,790,"{'input_size': [[3, 17, 17]]}",8.573532104492188e-06,101.12518264738597
#30,hrnet_w32_coco_256x192_coarsedropout,1840,{'input_size': [[64]]},8.544921875e-06,7.48982857142857
#32,hrnet_w32_coco_256x192_coarsedropout,720,{'input_size': [[256]]},8.697509765625e-06,29.433712280701755
#33,hrnet_w32_coco_256x192_coarsedropout,1860,{'input_size': [[32]]},8.487701416015625e-06,3.770160898876404
#34,hrnet_w32_coco_256x192_coarsedropout,1420,{'input_size': [[128]]},8.625984191894531e-06,14.83888645660586
#35,hrnet_w32_coco_256x192_coarsedropout,504,"{'input_size': [[128, 128, 3, 3]]}",8.685588836669922e-06,16977.08730782322
#36,hrnet_w32_coco_256x192_coarsedropout,639,"{'input_size': [[64, 64, 3, 3]]}",8.666515350341797e-06,4253.61272781293
#37,hrnet_w32_coco_256x192_coarsedropout,666,"{'input_size': [[32, 32, 3, 3]]}",8.528232574462891e-06,1080.6459509085826
#38,hrnet_w32_coco_256x192_coarsedropout,72,"{'input_size': [[32, 64, 1, 1]]}",8.49008560180664e-06,241.22253838809323
#39,hrnet_w32_coco_256x192_coarsedropout,216,"{'input_size': [[256, 256, 3, 3]]}",8.494853973388672e-06,69433.09465326971
#40,upernet_vit-b16_ln_mln_512x512_160k_ade20k,772,{'input_size': [[768]]},8.637905120849609e-06,88.91044637041126
#41,upernet_vit-b16_ln_mln_512x512_160k_ade20k,264,{'input_size': [[512]]},8.637905120849609e-06,59.27363091360751
#42,upernet_vit-b16_ln_mln_512x512_160k_ade20k,36,"{'input_size': [[768, 768, 1, 1]]}",8.556842803955078e-06,68930.09647522988
#43,upernet_vit-b16_ln_mln_512x512_160k_ade20k,63,"{'input_size': [[512, 768, 1, 1]]}",8.609294891357422e-06,45673.426797673776
#44,upernet_vit-b16_ln_mln_512x512_160k_ade20k,108,"{'input_size': [[768, 3072]]}",8.625984191894531e-06,273510.35516815924
#45,upernet_vit-b16_ln_mln_512x512_160k_ade20k,108,{'input_size': [[3072]]},8.690357208251954e-06,353.49525069958844
#46,upernet_vit-b16_ln_mln_512x512_160k_ade20k,108,"{'input_size': [[3072, 768]]}",8.487701416015625e-06,277966.42275235953
#47,upernet_vit-b16_ln_mln_512x512_160k_ade20k,108,"{'input_size': [[2304, 768]]}",8.571147918701173e-06,206445.15959632822
#48,upernet_vit-b16_ln_mln_512x512_160k_ade20k,108,{'input_size': [[2304]]},8.75234603881836e-06,263.2437051484609
#49,upernet_vit-b16_ln_mln_512x512_160k_ade20k,108,"{'input_size': [[768, 768]]}",8.640289306640625e-06,68264.38086357615
#50,mask_rcnn_swin-t-p4-w7_fpn_1x_coco,74,{'input_size': [[96]]},8.435249328613282e-06,11.380813566986998
#51,mask_rcnn_swin-t-p4-w7_fpn_1x_coco,182,{'input_size': [[384]]},0.0006761527061462402,0.5679190462589784
#52,mask_rcnn_swin-t-p4-w7_fpn_1x_coco,78,{'input_size': [[768]]},0.00011278152465820313,6.809625976661593
#53,mask_rcnn_swin-t-p4-w7_fpn_1x_coco,61,{'input_size': [[192]]},8.580684661865235e-06,22.375836843567658
#54,mask_rcnn_swin-t-p4-w7_fpn_1x_coco,24,{'input_size': [[1152]]},8.487701416015625e-06,135.72579235955055
#55,mask_rcnn_swin-t-p4-w7_fpn_1x_coco,24,"{'input_size': [[1152, 384]]}",8.547306060791016e-06,51755.25444552301
#56,mask_rcnn_swin-t-p4-w7_fpn_1x_coco,24,"{'input_size': [[169, 12]]}",8.609294891357422e-06,235.55936062032677
#57,mask_rcnn_swin-t-p4-w7_fpn_1x_coco,36,"{'input_size': [[256, 256, 3, 3]]}",8.382797241210937e-06,70361.2389788396
#58,mask_rcnn_swin-t-p4-w7_fpn_1x_coco,56,{'input_size': [[256]]},8.533000946044922e-06,30.00116859457949
#59,mask_rcnn_swin-t-p4-w7_fpn_1x_coco,33,{'input_size': [[1536]]},8.754730224609375e-06,175.44801045751635
#60,ssd300_coco,18,{'input_size': [[64]]},8.509159088134765e-06,7.5213072569347155
#61,ssd300_coco,27,{'input_size': [[16]]},8.535385131835937e-06,1.8745492737430167
#62,ssd300_coco,36,"{'input_size': [[256, 128, 3, 3]]}",8.59975814819336e-06,34293.05742301081
#63,ssd300_coco,27,{'input_size': [[24]]},1.710653305053711e-05,1.4029727665505227
#64,ssd300_coco,45,{'input_size': [[128]]},8.530616760253907e-06,15.004776746785913
#65,ssd300_coco,27,{'input_size': [[324]]},8.711814880371094e-06,37.19087290640394
#66,ssd300_coco,45,"{'input_size': [[512, 512, 3, 3]]}",8.67605209350586e-06,271931.97719109646
#67,ssd300_coco,63,{'input_size': [[256]]},8.704662322998046e-06,29.40952681457135
#68,ssd300_coco,27,{'input_size': [[486]]},8.785724639892578e-06,55.31700797829036
#69,ssd300_coco,72,{'input_size': [[512]]},8.761882781982422e-06,58.43492919727891
#70,resnet18_8xb16_cifar10,50,{'input_size': [[64]]},8.623600006103516e-06,7.42149449820293
#72,resnet18_8xb16_cifar10,50,{'input_size': [[128]]},8.203983306884765e-06,15.602177041557688
#73,resnet18_8xb16_cifar10,50,{'input_size': [[256]]},8.556842803955078e-06,29.91757659515185
#74,resnet18_8xb16_cifar10,50,{'input_size': [[512]]},8.327960968017578e-06,61.47963492699685
#75,resnet18_8xb16_cifar10,4,"{'input_size': [[64, 3, 3, 3]]}",8.492469787597656e-06,203.47437709152163
#76,resnet18_8xb16_cifar10,16,"{'input_size': [[64, 64, 3, 3]]}",8.528232574462891e-06,4322.58380363433
#77,resnet18_8xb16_cifar10,12,"{'input_size': [[512, 512, 3, 3]]}",6.476402282714843e-05,36429.11445289354
#78,resnet18_8xb16_cifar10,12,"{'input_size': [[128, 128, 3, 3]]}",8.437633514404297e-06,17475.99012783272
#79,resnet18_8xb16_cifar10,12,"{'input_size': [[256, 256, 3, 3]]}",9.305477142333985e-06,63384.605751883166
#80,vgg19bn_8xb32_cifar10,28,{'input_size': [[64]]},8.573532104492188e-06,7.46483470522803
#82,vgg19bn_8xb32_cifar10,28,{'input_size': [[128]]},8.559226989746093e-06,14.954621504178274
#83,vgg19bn_8xb32_cifar10,56,{'input_size': [[256]]},8.75234603881836e-06,29.24930057205121
#84,vgg19bn_8xb32_cifar10,112,{'input_size': [[512]]},8.530616760253907e-06,60.01910698714365
#85,vgg19bn_8xb32_cifar10,4,"{'input_size': [[64, 3, 3, 3]]}",2.2635459899902343e-05,76.34039721929639
#86,vgg19bn_8xb32_cifar10,4,"{'input_size': [[64, 64, 3, 3]]}",8.394718170166016e-06,4391.332651405851
#87,vgg19bn_8xb32_cifar10,8,{'input_size': [[4096]]},8.697509765625e-06,470.9393964912281
#88,vgg19bn_8xb32_cifar10,28,"{'input_size': [[512, 512, 3, 3]]}",8.592605590820312e-06,274572.82602619316
#89,vgg19bn_8xb32_cifar10,12,"{'input_size': [[256, 256, 3, 3]]}",8.368492126464844e-06,70481.51460102564
#90,faster_rcnn_r50_fpn_1x_coco,16,"{'input_size': [[128, 128, 3, 3]]}",8.556842803955078e-06,17232.52411880747
#92,faster_rcnn_r50_fpn_1x_coco,164,{'input_size': [[256]]},8.6212158203125e-06,29.69418761061947
#93,faster_rcnn_r50_fpn_1x_coco,110,{'input_size': [[512]]},8.568763732910156e-06,59.751910072342795
#94,faster_rcnn_r50_fpn_1x_coco,80,{'input_size': [[128]]},8.628368377685546e-06,14.834786184028738
#95,faster_rcnn_r50_fpn_1x_coco,78,{'input_size': [[1024]]},8.535385131835937e-06,119.97115351955307
#96,faster_rcnn_r50_fpn_1x_coco,40,{'input_size': [[2048]]},8.580684661865235e-06,238.67559299805498
#97,faster_rcnn_r50_fpn_1x_coco,44,"{'input_size': [[256, 256, 3, 3]]}",8.6212158203125e-06,68415.40825486726
#98,faster_rcnn_r50_fpn_1x_coco,24,"{'input_size': [[256, 1024, 1, 1]]}",8.656978607177735e-06,30281.234584852653
#99,faster_rcnn_r50_fpn_1x_coco,24,"{'input_size': [[1024, 256, 1, 1]]}",8.609294891357422e-06,30448.951198449184
#100,mobilenet-v2_8xb32_cifar10,50,{'input_size': [[32]]},8.549690246582031e-06,3.7428256553262687
#102,mobilenet-v2_8xb32_cifar10,60,{'input_size': [[960]]},8.530616760253907e-06,112.53582560089434
#103,mobilenet-v2_8xb32_cifar10,50,{'input_size': [[96]]},8.637905120849609e-06,11.113805796301408
#104,mobilenet-v2_8xb32_cifar10,30,{'input_size': [[160]]},8.533000946044922e-06,18.750730371612182
#105,mobilenet-v2_8xb32_cifar10,40,{'input_size': [[144]]},9.148120880126953e-06,15.740937607505865
#106,mobilenet-v2_8xb32_cifar10,60,{'input_size': [[192]]},8.671283721923828e-06,22.142050261204293
#107,mobilenet-v2_8xb32_cifar10,40,{'input_size': [[64]]},8.580684661865235e-06,7.458612281189218
#108,mobilenet-v2_8xb32_cifar10,80,{'input_size': [[384]]},8.58306884765625e-06,44.73924266666667
#109,mobilenet-v2_8xb32_cifar10,60,{'input_size': [[576]]},3.760576248168945e-05,15.316801521587525
#110,seresnet50_8xb32_cifar10,94,{'input_size': [[64]]},8.745193481445312e-06,7.318305779716466
#112,seresnet50_8xb32_cifar10,172,{'input_size': [[256]]},8.516311645507812e-06,30.059961478163494
#113,seresnet50_8xb32_cifar10,126,{'input_size': [[512]]},8.807182312011718e-06,58.134370546832706
#114,seresnet50_8xb32_cifar10,92,{'input_size': [[128]]},8.616447448730469e-06,14.855310237963474
#115,seresnet50_8xb32_cifar10,94,{'input_size': [[1024]]},8.654594421386718e-06,118.31865829201102
#116,seresnet50_8xb32_cifar10,52,{'input_size': [[2048]]},8.420944213867188e-06,243.20313114382785
#117,seresnet50_8xb32_cifar10,24,"{'input_size': [[64, 1024, 1, 1]]}",8.473396301269531e-06,7734.3248999437255
#118,seresnet50_8xb32_cifar10,24,"{'input_size': [[1024, 256, 1, 1]]}",8.268356323242187e-06,31704.48753679354
#119,seresnet50_8xb32_cifar10,24,"{'input_size': [[256, 256, 3, 3]]}",8.540153503417969e-06,69064.80073969849
#120,deeplabv3_r50-d8_512x512_80k_ade20k,95,"{'input_size': [[256, 1024, 1, 1]]}",8.454322814941406e-06,31007.096101974053
#122,deeplabv3_r50-d8_512x512_80k_ade20k,294,{'input_size': [[64]]},8.587837219238282e-06,7.452400222098833
#123,deeplabv3_r50-d8_512x512_80k_ade20k,714,{'input_size': [[256]]},8.451938629150391e-06,30.28890899858956
#124,deeplabv3_r50-d8_512x512_80k_ade20k,714,{'input_size': [[512]]},1.0669231414794922e-05,47.98846140782123
#125,deeplabv3_r50-d8_512x512_80k_ade20k,336,{'input_size': [[128]]},8.649826049804688e-06,14.797985446527012
#126,deeplabv3_r50-d8_512x512_80k_ade20k,294,{'input_size': [[1024]]},8.635520935058593e-06,118.57999160684705
#127,deeplabv3_r50-d8_512x512_80k_ade20k,168,{'input_size': [[2048]]},1.615762710571289e-05,126.75128511140623
#128,deeplabv3_r50-d8_512x512_80k_ade20k,114,"{'input_size': [[1024, 256, 1, 1]]}",8.590221405029297e-06,30516.559194449066
#129,deeplabv3_r50-d8_512x512_80k_ade20k,114,"{'input_size': [[256, 256, 3, 3]]}",1.3425350189208985e-05,43933.60260159829
#130,efficientnet-b0_8xb32_cifar10,24,{'input_size': [[32]]},9.322166442871094e-06,3.4326784654731455
#132,efficientnet-b0_8xb32_cifar10,72,{'input_size': [[672]]},8.7890625e-05,7.645866666666667
#133,efficientnet-b0_8xb32_cifar10,30,{'input_size': [[80]]},8.716583251953126e-06,9.177908096280087
#134,efficientnet-b0_8xb32_cifar10,96,{'input_size': [[1152]]},8.592605590820312e-06,134.06876270810213
#135,efficientnet-b0_8xb32_cifar10,48,{'input_size': [[144]]},8.838176727294922e-06,16.29295322363097
#136,efficientnet-b0_8xb32_cifar10,30,{'input_size': [[112]]},8.473396301269531e-06,13.217840405177265
#137,efficientnet-b0_8xb32_cifar10,48,{'input_size': [[240]]},8.707046508789063e-06,27.563881708652787
#138,efficientnet-b0_8xb32_cifar10,40,{'input_size': [[192]]},8.606910705566407e-06,22.307655623268698
#139,efficientnet-b0_8xb32_cifar10,72,{'input_size': [[480]]},8.611679077148437e-06,55.738259136212626
#140,swin-base_16xb64_cifar10,65,{'input_size': [[96]]},8.912086486816407e-06,10.771888282504012
#141,swin-base_16xb64_cifar10,485,{'input_size': [[384]]},8.618831634521484e-06,44.553602655601665
#142,swin-base_16xb64_cifar10,78,{'input_size': [[768]]},8.594989776611327e-06,89.35438202496533
#143,swin-base_16xb64_cifar10,72,"{'input_size': [[1536, 384]]}",8.821487426757812e-06,66862.19358097298
#144,swin-base_16xb64_cifar10,72,"{'input_size': [[384, 384]]}",8.578300476074218e-06,17189.41886114508
#145,swin-base_16xb64_cifar10,72,{'input_size': [[1152]]},8.573532104492188e-06,134.36702469410457
#146,swin-base_16xb64_cifar10,72,"{'input_size': [[1152, 384]]}",8.609294891357422e-06,51382.605147382994
#147,swin-base_16xb64_cifar10,72,"{'input_size': [[169, 12]]}",8.704662322998046e-06,232.97859523418242
#148,swin-base_16xb64_cifar10,72,"{'input_size': [[384, 1536]]}",8.876323699951171e-06,66449.13141273167
#149,swin-base_16xb64_cifar10,81,{'input_size': [[1536]]},8.714199066162109e-06,176.2640477154583
#150,fcn_r50-d8_512x512_80k_ade20k,95,"{'input_size': [[256, 1024, 1, 1]]}",8.511543273925782e-06,30798.645035742295
#151,fcn_r50-d8_512x512_80k_ade20k,80,{'input_size': [[32]]},8.714199066162109e-06,3.6721676607387144
#152,fcn_r50-d8_512x512_80k_ade20k,280,{'input_size': [[64]]},8.640289306640625e-06,7.407159381898454
#153,fcn_r50-d8_512x512_80k_ade20k,680,{'input_size': [[256]]},8.673667907714844e-06,29.51461858163826
#154,fcn_r50-d8_512x512_80k_ade20k,560,{'input_size': [[512]]},8.471012115478516e-06,60.44141987053194
#155,fcn_r50-d8_512x512_80k_ade20k,320,{'input_size': [[128]]},8.494853973388672e-06,15.067945888296377
#156,fcn_r50-d8_512x512_80k_ade20k,280,{'input_size': [[1024]]},8.418560028076172e-06,121.6360038516001
#157,fcn_r50-d8_512x512_80k_ade20k,160,{'input_size': [[2048]]},8.378028869628906e-06,244.44890700056914
#158,fcn_r50-d8_512x512_80k_ade20k,114,"{'input_size': [[1024, 256, 1, 1]]}",8.511543273925782e-06,30798.645035742295
#159,fcn_r50-d8_512x512_80k_ade20k,114,"{'input_size': [[256, 256, 3, 3]]}",8.420944213867188e-06,70042.50176942242
#160,solo_r50_fpn_1x_coco,16,"{'input_size': [[128, 128, 3, 3]]}",9.980201721191406e-06,14774.851663258481
#162,solo_r50_fpn_1x_coco,290,{'input_size': [[256]]},8.661746978759765e-06,29.55523875584916
#163,solo_r50_fpn_1x_coco,110,{'input_size': [[512]]},8.542537689208984e-06,59.935351604800445
#164,solo_r50_fpn_1x_coco,80,{'input_size': [[128]]},8.444786071777344e-06,15.157281535855448
#165,solo_r50_fpn_1x_coco,70,{'input_size': [[1024]]},8.480548858642578e-06,120.74690177115546
#166,solo_r50_fpn_1x_coco,40,{'input_size': [[2048]]},8.356571197509765e-06,245.07659320970043
#167,solo_r50_fpn_1x_coco,92,"{'input_size': [[256, 256, 3, 3]]}",8.320808410644531e-06,70885.42012882522
#168,solo_r50_fpn_1x_coco,24,"{'input_size': [[256, 1024, 1, 1]]}",8.6212158203125e-06,30406.848113274336
#169,solo_r50_fpn_1x_coco,24,"{'input_size': [[1024, 256, 1, 1]]}",8.580684661865235e-06,30550.475903751038
#170,vit-base-p16_pt-64xb64_cifar10-224,325,{'input_size': [[768]]},8.556842803955078e-06,89.75272978545556
#171,vit-base-p16_pt-64xb64_cifar10-224,53,{'input_size': [[3072]]},8.7738037109375e-06,350.1332034782609
#172,vit-base-p16_pt-64xb64_cifar10-224,4,"{'input_size': [[1, 1, 768]]}",9.100437164306641e-06,84.39155022268797
#173,vit-base-p16_pt-64xb64_cifar10-224,4,"{'input_size': [[1, 197, 768]]}",8.75711441040039e-06,17276.923985407026
#174,vit-base-p16_pt-64xb64_cifar10-224,4,"{'input_size': [[768, 3, 16, 16]]}",8.423328399658203e-06,70022.67654956128
#175,vit-base-p16_pt-64xb64_cifar10-224,48,"{'input_size': [[2304, 768]]}",8.306503295898438e-06,213022.48815981628
#176,vit-base-p16_pt-64xb64_cifar10-224,48,{'input_size': [[2304]]},1.7960071563720703e-05,128.284566786141
#177,vit-base-p16_pt-64xb64_cifar10-224,48,"{'input_size': [[768, 768]]}",8.535385131835937e-06,69103.38442726257
#178,vit-base-p16_pt-64xb64_cifar10-224,52,"{'input_size': [[3072, 768]]}",3.21507453918457e-05,73382.31108627364
#179,vit-base-p16_pt-64xb64_cifar10-224,48,"{'input_size': [[768, 3072]]}",8.661746978759765e-06,272381.0803739059
#180,sar_r31_parallel_decoder_toy_dataset,377,{'input_size': [[64]]},8.513927459716797e-06,7.5170948193783245
#181,sar_r31_parallel_decoder_toy_dataset,125,"{'input_size': [[64, 3, 3, 3]]}",8.711814880371094e-06,198.3513221674877
#182,sar_r31_parallel_decoder_toy_dataset,377,{'input_size': [[128]]},8.59975814819336e-06,14.884139506515108
#183,sar_r31_parallel_decoder_toy_dataset,2518,{'input_size': [[256]]},8.406639099121093e-06,30.452122064662507
#184,sar_r31_parallel_decoder_toy_dataset,5413,{'input_size': [[512]]},8.428096771240235e-06,60.74918381895332
#185,sar_r31_parallel_decoder_toy_dataset,250,"{'input_size': [[512, 512]]}",8.43048095703125e-06,31094.785853393663
#186,sar_r31_parallel_decoder_toy_dataset,1000,{'input_size': [[2048]]},8.537769317626954e-06,239.87530276459088
#187,sar_r31_parallel_decoder_toy_dataset,1000,"{'input_size': [[2048, 512]]}",1.5854835510253906e-05,66136.0377609624
#188,sar_r31_parallel_decoder_toy_dataset,875,"{'input_size': [[256, 256, 3, 3]]}",8.43048095703125e-06,69963.26817013575
#189,sar_r31_parallel_decoder_toy_dataset,2250,"{'input_size': [[512, 512, 3, 3]]}",8.573532104492188e-06,275183.66657352616
#190,centernet_resnet18_140e_coco,337,{'input_size': [[64]]},8.342266082763672e-06,7.671776393255215
#191,centernet_resnet18_140e_coco,38,{'input_size': [[2]]},8.361339569091797e-06,0.23919612204163102
#192,centernet_resnet18_140e_coco,280,{'input_size': [[128]]},8.387565612792969e-06,15.26068538942581
#193,centernet_resnet18_140e_coco,280,{'input_size': [[256]]},8.40902328491211e-06,30.44348806351006
#194,centernet_resnet18_140e_coco,200,{'input_size': [[512]]},1.2326240539550782e-05,41.53740131528046
#195,centernet_resnet18_140e_coco,38,"{'input_size': [[2, 64, 1, 1]]}",8.540153503417969e-06,14.988020993858179
#196,centernet_resnet18_140e_coco,133,"{'input_size': [[64, 64, 3, 3]]}",8.497238159179688e-06,4338.350804040404
#197,centernet_resnet18_140e_coco,57,"{'input_size': [[512, 512, 3, 3]]}",9.169578552246094e-06,257296.0127400936
#198,centernet_resnet18_140e_coco,57,"{'input_size': [[128, 128, 3, 3]]}",8.628368377685546e-06,17089.673684001107
#199,centernet_resnet18_140e_coco,57,"{'input_size': [[256, 256, 3, 3]]}",8.683204650878907e-06,67926.9951261944
#200,detr_r50_8x2_150e_coco,108,"{'input_size': [[256, 2048]]}",8.666515350341797e-06,60495.82546222833
#202,detr_r50_8x2_150e_coco,918,{'input_size': [[256]]},8.604526519775391e-06,29.75178232197284
#203,detr_r50_8x2_150e_coco,54,"{'input_size': [[1024, 256, 1, 1]]}",8.656978607177735e-06,30281.234584852653
#204,detr_r50_8x2_150e_coco,54,"{'input_size': [[256, 256, 3, 3]]}",2.31170654296875e-05,25514.6572039604
#205,detr_r50_8x2_150e_coco,108,"{'input_size': [[2048, 256]]}",8.814334869384765e-06,59481.28903305383
#206,detr_r50_8x2_150e_coco,116,{'input_size': [[2048]]},8.387565612792969e-06,244.17096623081295
#207,detr_r50_8x2_150e_coco,180,"{'input_size': [[256, 256]]}",9.157657623291015e-06,7156.415176881021
#208,detr_r50_8x2_150e_coco,162,"{'input_size': [[768, 256]]}",1.787424087524414e-05,10999.516084193678
#209,detr_r50_8x2_150e_coco,162,{'input_size': [[768]]},8.640289306640625e-06,88.88591258278146
#210,repvgg-A0_4xb64-coslr-120e_cifar10,280,{'input_size': [[48]]},8.509159088134765e-06,5.6409804427010375
#212,repvgg-A0_4xb64-coslr-120e_cifar10,440,{'input_size': [[96]]},8.323192596435546e-06,11.534035634488687
#213,repvgg-A0_4xb64-coslr-120e_cifar10,1640,{'input_size': [[192]]},8.75234603881836e-06,21.93697542903841
#214,repvgg-A0_4xb64-coslr-120e_cifar10,80,{'input_size': [[1280]]},8.556842803955078e-06,149.58788297575924
#215,repvgg-A0_4xb64-coslr-120e_cifar10,247,"{'input_size': [[192, 192, 3, 3]]}",8.637905120849609e-06,38409.31283201766
#216,repvgg-A0_4xb64-coslr-120e_cifar10,57,"{'input_size': [[96, 96, 3, 3]]}",8.56637954711914e-06,9682.503506150848
#217,repvgg-A0_4xb64-coslr-120e_cifar10,38,"{'input_size': [[48, 48, 3, 3]]}",8.482933044433593e-06,2444.437541989882
#218,repvgg-A0_4xb64-coslr-120e_cifar10,247,"{'input_size': [[192, 192, 1, 1]]}",8.442401885986327e-06,4366.529868850607
#219,repvgg-A0_4xb64-coslr-120e_cifar10,57,"{'input_size': [[96, 96, 1, 1]]}",8.635520935058593e-06,1067.2199244616236
#220,mask_rcnn_r50_fpn_1x_coco,16,"{'input_size': [[128, 128, 3, 3]]}",8.556842803955078e-06,17232.52411880747
#222,mask_rcnn_r50_fpn_1x_coco,184,{'input_size': [[256]]},8.59975814819336e-06,29.768279013030217
#223,mask_rcnn_r50_fpn_1x_coco,110,{'input_size': [[512]]},8.49008560180664e-06,60.30563459702331
#224,mask_rcnn_r50_fpn_1x_coco,80,{'input_size': [[128]]},8.58306884765625e-06,14.913080888888889
#225,mask_rcnn_r50_fpn_1x_coco,78,{'input_size': [[1024]]},8.454322814941406e-06,121.12146914833615
#226,mask_rcnn_r50_fpn_1x_coco,40,{'input_size': [[2048]]},8.33749771118164e-06,245.63724884186445
#227,mask_rcnn_r50_fpn_1x_coco,60,"{'input_size': [[256, 256, 3, 3]]}",8.432865142822265e-06,69943.48777201018
#228,mask_rcnn_r50_fpn_1x_coco,24,"{'input_size': [[256, 1024, 1, 1]]}",8.366107940673829e-06,31334.044678711878
#229,mask_rcnn_r50_fpn_1x_coco,24,"{'input_size': [[1024, 256, 1, 1]]}",8.628368377685546e-06,30381.642104890856
#230,densenet121_4xb256_cifar10,20,{'input_size': [[64]]},8.647441864013673e-06,7.4010326992004405
#232,densenet121_4xb256_cifar10,600,{'input_size': [[128]]},8.761882781982422e-06,14.608732299319728
#233,densenet121_4xb256_cifar10,20,{'input_size': [[288]]},8.604526519775391e-06,33.47075511221945
#234,densenet121_4xb256_cifar10,20,{'input_size': [[160]]},6.489992141723632e-05,2.4653342639873626
#235,densenet121_4xb256_cifar10,20,{'input_size': [[192]]},8.783340454101563e-06,21.859564820846906
#236,densenet121_4xb256_cifar10,20,{'input_size': [[224]]},8.71896743774414e-06,25.69111555920153
#237,densenet121_4xb256_cifar10,30,{'input_size': [[256]]},8.859634399414062e-06,28.895097524219594
#238,densenet121_4xb256_cifar10,232,"{'input_size': [[32, 128, 3, 3]]}",8.65936279296875e-06,4257.1261744493395
#239,densenet121_4xb256_cifar10,30,{'input_size': [[512]]},8.580684661865235e-06,59.668898249513745
#240,deeplabv3plus_r50-d8_512x512_80k_ade20k,133,"{'input_size': [[512, 2048, 1, 1]]}",2.9511451721191407e-05,35531.15617308127
#242,deeplabv3plus_r50-d8_512x512_80k_ade20k,294,{'input_size': [[64]]},8.416175842285156e-06,7.6044038526912185
#243,deeplabv3plus_r50-d8_512x512_80k_ade20k,714,{'input_size': [[256]]},8.320808410644531e-06,30.766241375358167
#244,deeplabv3plus_r50-d8_512x512_80k_ade20k,854,{'input_size': [[512]]},8.435249328613282e-06,60.69767235726398
#245,deeplabv3plus_r50-d8_512x512_80k_ade20k,336,{'input_size': [[128]]},8.585453033447265e-06,14.908939516800888
#246,deeplabv3plus_r50-d8_512x512_80k_ade20k,294,{'input_size': [[1024]]},8.41379165649414e-06,121.704938962879
#247,deeplabv3plus_r50-d8_512x512_80k_ade20k,294,{'input_size': [[2048]]},8.628368377685546e-06,237.3565789444598
#248,deeplabv3plus_r50-d8_512x512_80k_ade20k,114,"{'input_size': [[256, 256, 3, 3]]}",8.590221405029297e-06,68662.25818751041
#249,deeplabv3plus_r50-d8_512x512_80k_ade20k,114,"{'input_size': [[1024, 256, 1, 1]]}",8.807182312011718e-06,29764.797719978345
#250,cascade_rcnn_r50_fpn_1x_coco,16,"{'input_size': [[128, 128, 3, 3]]}",8.6212158203125e-06,17103.852063716815
#252,cascade_rcnn_r50_fpn_1x_coco,164,{'input_size': [[256]]},8.728504180908203e-06,29.329194864791038
#253,cascade_rcnn_r50_fpn_1x_coco,110,{'input_size': [[512]]},8.668899536132812e-06,59.061706490649065
#254,cascade_rcnn_r50_fpn_1x_coco,80,{'input_size': [[128]]},8.68082046508789e-06,14.745150013732491
#255,cascade_rcnn_r50_fpn_1x_coco,94,{'input_size': [[1024]]},8.540153503417969e-06,119.90416795086543
#256,cascade_rcnn_r50_fpn_1x_coco,40,{'input_size': [[2048]]},8.585453033447265e-06,238.54303226881422
#257,cascade_rcnn_r50_fpn_1x_coco,44,"{'input_size': [[256, 256, 3, 3]]}",8.661746978759765e-06,68095.27009347647
#258,cascade_rcnn_r50_fpn_1x_coco,24,"{'input_size': [[256, 1024, 1, 1]]}",8.654594421386718e-06,30289.57652275482
#259,cascade_rcnn_r50_fpn_1x_coco,24,"{'input_size': [[1024, 256, 1, 1]]}",8.494853973388672e-06,30859.15317923098
#260,slowfast_context_kinetics_pretrained_r50_4x16x1_20e_ava_rgb,720,{'input_size': [[64]]},8.568763732910156e-06,7.468988759042849
#261,slowfast_context_kinetics_pretrained_r50_4x16x1_20e_ava_rgb,114,"{'input_size': [[256, 256, 1, 3, 3]]}",8.454322814941406e-06,69765.96622944162
#262,slowfast_context_kinetics_pretrained_r50_4x16x1_20e_ava_rgb,800,{'input_size': [[256]]},8.721351623535156e-06,29.353248332422087
#263,slowfast_context_kinetics_pretrained_r50_4x16x1_20e_ava_rgb,440,{'input_size': [[512]]},8.513927459716797e-06,60.136758555026596
#264,slowfast_context_kinetics_pretrained_r50_4x16x1_20e_ava_rgb,600,{'input_size': [[128]]},8.797645568847656e-06,14.549347208672087
#265,slowfast_context_kinetics_pretrained_r50_4x16x1_20e_ava_rgb,280,{'input_size': [[1024]]},8.625984191894531e-06,118.71109165284687
#266,slowfast_context_kinetics_pretrained_r50_4x16x1_20e_ava_rgb,160,{'input_size': [[2048]]},8.597373962402344e-06,238.2122737659456
#267,slowfast_context_kinetics_pretrained_r50_4x16x1_20e_ava_rgb,280,{'input_size': [[8]]},8.692741394042969e-06,0.9203080636313767
#268,slowfast_context_kinetics_pretrained_r50_4x16x1_20e_ava_rgb,640,{'input_size': [[32]]},8.678436279296875e-06,3.68730021978022
#269,slowfast_context_kinetics_pretrained_r50_4x16x1_20e_ava_rgb,320,{'input_size': [[16]]},8.633136749267578e-06,1.8533240541286935
#270,tsn_r50_1x1x3_75e_ucf101_rgb,1050,{'input_size': [[64]]},8.616447448730469e-06,7.427655118981737
#271,tsn_r50_1x1x3_75e_ucf101_rgb,296,"{'input_size': [[256, 64, 1, 1]]}",8.521080017089844e-06,1922.760960716284
#272,tsn_r50_1x1x3_75e_ucf101_rgb,2400,{'input_size': [[256]]},8.563995361328125e-06,29.892589755011134
#273,tsn_r50_1x1x3_75e_ucf101_rgb,1650,{'input_size': [[512]]},1.40380859375e-05,36.47220869565217
#274,tsn_r50_1x1x3_75e_ucf101_rgb,1200,{'input_size': [[128]]},8.611679077148437e-06,14.8635357696567
#275,tsn_r50_1x1x3_75e_ucf101_rgb,1050,{'input_size': [[1024]]},8.714199066162109e-06,117.50936514363886
#276,tsn_r50_1x1x3_75e_ucf101_rgb,600,{'input_size': [[2048]]},8.699893951416016e-06,235.40516832008768
#277,tsn_r50_1x1x3_75e_ucf101_rgb,370,"{'input_size': [[256, 1024, 1, 1]]}",8.578300476074218e-06,30558.966864257924
#278,tsn_r50_1x1x3_75e_ucf101_rgb,444,"{'input_size': [[1024, 256, 1, 1]]}",8.592605590820312e-06,30508.091780688123
#279,tsn_r50_1x1x3_75e_ucf101_rgb,444,"{'input_size': [[256, 256, 3, 3]]}",8.640289306640625e-06,68264.38086357615
#280,dbnet_r18_fpnc_1200e_icdar2015,198,{'input_size': [[64]]},8.683204650878907e-06,7.370550686436023
#282,dbnet_r18_fpnc_1200e_icdar2015,100,{'input_size': [[128]]},8.368492126464844e-06,15.295467578347576
#283,dbnet_r18_fpnc_1200e_icdar2015,100,{'input_size': [[256]]},8.296966552734374e-06,30.85465011494253
#284,dbnet_r18_fpnc_1200e_icdar2015,100,{'input_size': [[512]]},8.502006530761718e-06,60.221078182837914
#285,dbnet_r18_fpnc_1200e_icdar2015,54,"{'input_size': [[64, 256, 3, 3]]}",8.368492126464844e-06,17620.37865025641
#286,dbnet_r18_fpnc_1200e_icdar2015,36,"{'input_size': [[64, 64, 3, 3]]}",8.49008560180664e-06,4342.0056909856785
#287,dbnet_r18_fpnc_1200e_icdar2015,27,"{'input_size': [[512, 512, 3, 3]]}",8.513927459716797e-06,277110.1834215626
#288,dbnet_r18_fpnc_1200e_icdar2015,27,"{'input_size': [[128, 128, 3, 3]]}",8.444786071777344e-06,17461.188329305478
#289,dbnet_r18_fpnc_1200e_icdar2015,27,"{'input_size': [[256, 256, 3, 3]]}",8.404254913330078e-06,70181.59326229787
#290,pspnet_unet_s5-d16_128x128_40k_chase_db1,132,{'input_size': [[64]]},8.246898651123048e-06,7.76049309048858
#292,pspnet_unet_s5-d16_128x128_40k_chase_db1,110,{'input_size': [[128]]},8.280277252197265e-06,15.458419579614167
#293,pspnet_unet_s5-d16_128x128_40k_chase_db1,110,{'input_size': [[256]]},8.423328399658203e-06,30.391786696858194
#294,pspnet_unet_s5-d16_128x128_40k_chase_db1,110,{'input_size': [[512]]},8.542537689208984e-06,59.935351604800445
#295,pspnet_unet_s5-d16_128x128_40k_chase_db1,44,{'input_size': [[1024]]},8.549690246582031e-06,119.7704209704406
#296,pspnet_unet_s5-d16_128x128_40k_chase_db1,110,{'input_size': [[16]]},8.79526138305664e-06,1.8191613987530495
#297,pspnet_unet_s5-d16_128x128_40k_chase_db1,18,"{'input_size': [[128, 128, 3, 3]]}",8.563995361328125e-06,17218.131698886413
#298,pspnet_unet_s5-d16_128x128_40k_chase_db1,18,"{'input_size': [[64, 64, 3, 3]]}",8.792877197265626e-06,4192.4843453362255
#299,pspnet_unet_s5-d16_128x128_40k_chase_db1,36,"{'input_size': [[16, 64, 1, 1]]}",8.521080017089844e-06,120.17256004476775
#300,crnn_toy_dataset,1572,{'input_size': [[256]]},8.537769317626954e-06,29.98441284557386
#301,crnn_toy_dataset,314,"{'input_size': [[256, 128, 3, 3]]}",8.509159088134765e-06,34658.18383995517
#302,crnn_toy_dataset,2202,{'input_size': [[512]]},8.649826049804688e-06,59.191941786108046
#303,crnn_toy_dataset,314,"{'input_size': [[64, 1, 3, 3]]}",8.67605209350586e-06,66.38964286892003
#304,crnn_toy_dataset,314,{'input_size': [[64]]},8.800029754638671e-06,7.272702682199946
#305,crnn_toy_dataset,314,"{'input_size': [[128, 64, 3, 3]]}",8.71896743774414e-06,8456.047178342904
#306,crnn_toy_dataset,314,{'input_size': [[128]]},8.661746978759765e-06,14.77761937792458
#307,crnn_toy_dataset,1884,"{'input_size': [[1024, 256]]}",8.552074432373046e-06,30652.679893392808
#308,crnn_toy_dataset,628,"{'input_size': [[1024, 512]]}",8.761882781982422e-06,59837.367498013606
#309,crnn_toy_dataset,2512,{'input_size': [[1024]]},8.444786071777344e-06,121.25825228684359
#310,res50_coco_256x192,140,{'input_size': [[64]]},8.41379165649414e-06,7.606558685179937
#312,res50_coco_256x192,320,{'input_size': [[256]]},8.463859558105469e-06,30.24624856338028
#313,res50_coco_256x192,220,{'input_size': [[512]]},8.509159088134765e-06,60.170458055477724
#314,res50_coco_256x192,160,{'input_size': [[128]]},8.701324462890625e-05,1.4710404208680403
#315,res50_coco_256x192,140,{'input_size': [[1024]]},8.678436279296875e-06,117.99360703296703
#316,res50_coco_256x192,80,{'input_size': [[2048]]},8.416175842285156e-06,243.340923286119
#317,res50_coco_256x192,45,"{'input_size': [[256, 1024, 1, 1]]}",8.609294891357422e-06,30448.951198449184
#318,res50_coco_256x192,54,"{'input_size': [[1024, 256, 1, 1]]}",8.666515350341797e-06,30247.912731114164
#319,res50_coco_256x192,54,"{'input_size': [[256, 256, 3, 3]]}",8.513927459716797e-06,69277.54585539065
#320,atss_r50_fpn_1x_coco,16,"{'input_size': [[128, 128, 3, 3]]}",8.728504180908203e-06,16893.61624211964
#322,atss_r50_fpn_1x_coco,232,{'input_size': [[256]]},8.461475372314454e-06,30.25477103409411
#323,atss_r50_fpn_1x_coco,110,{'input_size': [[512]]},8.50677490234375e-06,60.18732197309417
#324,atss_r50_fpn_1x_coco,80,{'input_size': [[128]]},8.358955383300782e-06,15.312918197375925
#325,atss_r50_fpn_1x_coco,70,{'input_size': [[1024]]},3.3767223358154296e-05,30.325265099202145
#326,atss_r50_fpn_1x_coco,40,{'input_size': [[2048]]},8.633136749267578e-06,237.22547892847277
#327,atss_r50_fpn_1x_coco,76,"{'input_size': [[256, 256, 3, 3]]}",8.378028869628906e-06,70401.28521616392
#328,atss_r50_fpn_1x_coco,24,"{'input_size': [[256, 1024, 1, 1]]}",8.568763732910156e-06,30592.97795703951
#329,atss_r50_fpn_1x_coco,24,"{'input_size': [[1024, 256, 1, 1]]}",8.487701416015625e-06,30885.158083595503
#330,fcos_r50_caffe_fpn_gn-head_1x_coco,57,"{'input_size': [[128, 512, 1, 1]]}",8.771419525146484e-06,7471.5386502854035
#332,fcos_r50_caffe_fpn_gn-head_1x_coco,496,{'input_size': [[256]]},8.664131164550782e-06,29.547105778756187
#333,fcos_r50_caffe_fpn_gn-head_1x_coco,57,"{'input_size': [[2048, 512, 1, 1]]}",8.449554443359374e-06,124098.37785282168
#334,fcos_r50_caffe_fpn_gn-head_1x_coco,57,"{'input_size': [[512, 512, 3, 3]]}",8.74042510986328e-06,269929.20485499187
#335,fcos_r50_caffe_fpn_gn-head_1x_coco,76,"{'input_size': [[512, 128, 1, 1]]}",8.606910705566407e-06,7614.346452742381
#336,fcos_r50_caffe_fpn_gn-head_1x_coco,76,"{'input_size': [[128, 128, 3, 3]]}",8.504390716552735e-06,17338.808259714046
#337,fcos_r50_caffe_fpn_gn-head_1x_coco,361,"{'input_size': [[256, 256, 3, 3]]}",8.637905120849609e-06,68283.22281247585
#338,fcos_r50_caffe_fpn_gn-head_1x_coco,114,"{'input_size': [[256, 1024, 1, 1]]}",8.585453033447265e-06,30533.50813040822
#339,fcos_r50_caffe_fpn_gn-head_1x_coco,114,"{'input_size': [[1024, 256, 1, 1]]}",3.3786296844482424e-05,7758.885242932749
#340,upernet_r50_512x512_80k_ade20k,114,"{'input_size': [[1024, 256, 1, 1]]}",8.568763732910156e-06,30592.97795703951
#342,upernet_r50_512x512_80k_ade20k,294,{'input_size': [[64]]},8.699893951416016e-06,7.35641151000274
#343,upernet_r50_512x512_80k_ade20k,714,{'input_size': [[256]]},8.561611175537109e-06,29.90091406293512
#344,upernet_r50_512x512_80k_ade20k,966,{'input_size': [[512]]},8.428096771240235e-06,60.74918381895332
#345,upernet_r50_512x512_80k_ade20k,336,{'input_size': [[128]]},8.404254913330078e-06,15.230380482269503
#346,upernet_r50_512x512_80k_ade20k,294,{'input_size': [[1024]]},8.215904235839844e-06,124.63631154962275
#347,upernet_r50_512x512_80k_ade20k,168,{'input_size': [[2048]]},8.645057678222656e-06,236.89836161059017
#348,upernet_r50_512x512_80k_ade20k,114,"{'input_size': [[256, 256, 3, 3]]}",9.455680847167968e-06,62377.739851134655
#349,upernet_r50_512x512_80k_ade20k,114,"{'input_size': [[512, 2048, 1, 1]]}",8.542537689208984e-06,122747.60008663131
#350,retinanet_r50_fpn_1x_coco,16,"{'input_size': [[128, 128, 3, 3]]}",8.50677490234375e-06,17333.94872825112
#352,retinanet_r50_fpn_1x_coco,192,{'input_size': [[256]]},8.268356323242187e-06,30.96141361014994
#353,retinanet_r50_fpn_1x_coco,110,{'input_size': [[512]]},8.23974609375e-06,62.13783703703703
#354,retinanet_r50_fpn_1x_coco,80,{'input_size': [[128]]},8.59975814819336e-06,14.884139506515108
#355,retinanet_r50_fpn_1x_coco,70,{'input_size': [[1024]]},8.418560028076172e-06,121.6360038516001
#356,retinanet_r50_fpn_1x_coco,40,{'input_size': [[2048]]},8.35418701171875e-06,245.14653515981735
#357,retinanet_r50_fpn_1x_coco,72,"{'input_size': [[256, 256, 3, 3]]}",8.580684661865235e-06,68738.57078343985
#358,retinanet_r50_fpn_1x_coco,24,"{'input_size': [[256, 1024, 1, 1]]}",1.9588470458984374e-05,13382.566063485881
#359,retinanet_r50_fpn_1x_coco,24,"{'input_size': [[1024, 256, 1, 1]]}",9.99927520751953e-06,26216.300137720555
